timestamp,container,cpu_percent,mem_usage,mem_limit,net_io
2026-06-10 16:22:12,docker-ragflow-cpu-1,303.98%,5.623GiB / 11.67GiB,1.79GB / 808MB
2026-06-10 16:22:12,docker-redis-1,0.07%,6.621MiB / 11.67GiB,24.6MB / 6.25MB
2026-06-10 16:22:12,docker-mysql-1,0.98%,110.6MiB / 11.67GiB,391MB / 1.02GB
2026-06-10 16:22:12,docker-minio-1,0.08%,1.249GiB / 11.67GiB,702MB / 1.44GB
2026-06-10 16:22:12,docker-es01-1,8.67%,1.02GiB / 8GiB,92.6MB / 280MB
2026-06-10 16:22:12,docker-nginx-1,0.00%,9.488MiB / 11.67GiB,979kB / 126B
2026-06-10 16:22:12,docker-plugin_daemon-1,0.00%,0B / 0B,0B / 0B
2026-06-10 16:22:12,docker-api-1,0.00%,0B / 0B,0B / 0B
2026-06-10 16:22:12,docker-worker-1,0.00%,0B / 0B,0B / 0B
2026-06-10 16:22:12,docker-worker_beat-1,101.19%,242.1MiB / 11.67GiB,1.74kB / 252B
2026-06-10 16:22:12,docker-web-1,0.39%,126MiB / 11.67GiB,979kB / 126B
2026-06-10 16:22:12,docker-db_postgres-1,1.59%,15.95MiB / 11.67GiB,41MB / 457MB
2026-06-10 16:22:12,docker-sandbox-1,0.00%,61.45MiB / 11.67GiB,474kB / 1.45kB
2026-06-10 16:22:12,docker-weaviate-1,1.18%,127.2MiB / 11.67GiB,986kB / 2.41kB
2026-06-10 16:22:12,docker-ssrf_proxy-1,0.03%,13.08MiB / 11.67GiB,1.45MB / 1.89kB
2026-06-10 16:22:44,docker-ragflow-cpu-1,6.67%,5.71GiB / 11.67GiB,1.9GB / 810MB
2026-06-10 16:22:44,docker-redis-1,0.30%,6.621MiB / 11.67GiB,24.6MB / 6.28MB
2026-06-10 16:22:44,docker-mysql-1,1.07%,110.7MiB / 11.67GiB,392MB / 1.02GB
2026-06-10 16:22:44,docker-minio-1,0.22%,1.249GiB / 11.67GiB,702MB / 1.44GB
2026-06-10 16:22:44,docker-es01-1,0.40%,1.024GiB / 8GiB,93.6MB / 389MB
2026-06-10 16:22:44,docker-nginx-1,0.00%,9.488MiB / 11.67GiB,980kB / 126B
2026-06-10 16:22:44,docker-plugin_daemon-1,0.00%,0B / 0B,0B / 0B
2026-06-10 16:22:44,docker-api-1,0.00%,0B / 0B,0B / 0B
2026-06-10 16:22:44,docker-worker-1,0.00%,267.5MiB / 11.67GiB,1.83kB / 684B
2026-06-10 16:22:44,docker-worker_beat-1,0.00%,0B / 0B,0B / 0B
2026-06-10 16:22:44,docker-web-1,0.58%,126.1MiB / 11.67GiB,980kB / 126B
2026-06-10 16:22:44,docker-db_postgres-1,1.71%,16.26MiB / 11.67GiB,41MB / 457MB
2026-06-10 16:22:44,docker-sandbox-1,0.00%,61.45MiB / 11.67GiB,475kB / 1.45kB
2026-06-10 16:22:44,docker-weaviate-1,3.09%,127.2MiB / 11.67GiB,986kB / 2.41kB
2026-06-10 16:22:44,docker-ssrf_proxy-1,0.03%,13.08MiB / 11.67GiB,1.45MB / 1.89kB
2026-06-10 16:23:16,docker-ragflow-cpu-1,278.16%,5.775GiB / 11.67GiB,2.02GB / 812MB
2026-06-10 16:23:16,docker-redis-1,0.13%,6.602MiB / 11.67GiB,24.6MB / 6.3MB
2026-06-10 16:23:16,docker-mysql-1,1.41%,110.8MiB / 11.67GiB,392MB / 1.03GB
2026-06-10 16:23:16,docker-minio-1,0.23%,1.249GiB / 11.67GiB,702MB / 1.44GB
2026-06-10 16:23:16,docker-es01-1,8.52%,1.024GiB / 8GiB,94.6MB / 503MB
2026-06-10 16:23:16,docker-nginx-1,0.00%,9.488MiB / 11.67GiB,981kB / 126B
2026-06-10 16:23:16,docker-plugin_daemon-1,0.00%,0B / 0B,0B / 0B
2026-06-10 16:23:16,docker-api-1,0.00%,0B / 0B,0B / 0B
2026-06-10 16:23:16,docker-worker-1,164.71%,205.7MiB / 11.67GiB,1.47kB / 252B
2026-06-10 16:23:16,docker-worker_beat-1,102.83%,231.9MiB / 11.67GiB,2kB / 252B
2026-06-10 16:23:16,docker-web-1,0.30%,126MiB / 11.67GiB,981kB / 126B
2026-06-10 16:23:16,docker-db_postgres-1,1.29%,15.95MiB / 11.67GiB,41MB / 457MB
2026-06-10 16:23:16,docker-sandbox-1,0.00%,61.45MiB / 11.67GiB,475kB / 1.45kB
2026-06-10 16:23:16,docker-weaviate-1,2.04%,127.2MiB / 11.67GiB,987kB / 2.41kB
2026-06-10 16:23:16,docker-ssrf_proxy-1,0.01%,13.08MiB / 11.67GiB,1.46MB / 1.89kB
2026-06-10 16:23:48,docker-ragflow-cpu-1,7.10%,5.804GiB / 11.67GiB,2.14GB / 815MB
2026-06-10 16:23:48,docker-redis-1,0.11%,6.605MiB / 11.67GiB,24.6MB / 6.33MB
2026-06-10 16:23:48,docker-mysql-1,0.75%,110.9MiB / 11.67GiB,393MB / 1.03GB
2026-06-10 16:23:48,docker-minio-1,6.83%,1.249GiB / 11.67GiB,702MB / 1.44GB
2026-06-10 16:23:48,docker-es01-1,0.32%,1.024GiB / 8GiB,95.5MB / 617MB
2026-06-10 16:23:48,docker-nginx-1,0.00%,9.488MiB / 11.67GiB,982kB / 126B
2026-06-10 16:23:48,docker-plugin_daemon-1,0.00%,0B / 0B,0B / 0B
2026-06-10 16:23:48,docker-api-1,0.00%,0B / 0B,0B / 0B
2026-06-10 16:23:48,docker-worker-1,34.57%,267.5MiB / 11.67GiB,1.83kB / 424B
2026-06-10 16:23:48,docker-worker_beat-1,0.00%,0B / 0B,0B / 0B
2026-06-10 16:23:48,docker-web-1,0.20%,126.1MiB / 11.67GiB,982kB / 126B
2026-06-10 16:23:48,docker-db_postgres-1,1.07%,15.98MiB / 11.67GiB,41.1MB / 458MB
2026-06-10 16:23:48,docker-sandbox-1,0.00%,61.56MiB / 11.67GiB,476kB / 1.45kB
2026-06-10 16:23:48,docker-weaviate-1,1.28%,127.2MiB / 11.67GiB,988kB / 2.41kB
2026-06-10 16:23:48,docker-ssrf_proxy-1,0.01%,13.08MiB / 11.67GiB,1.46MB / 1.89kB
2026-06-10 16:24:21,docker-ragflow-cpu-1,233.17%,5.806GiB / 11.67GiB,2.26GB / 817MB
2026-06-10 16:24:21,docker-redis-1,0.83%,6.598MiB / 11.67GiB,24.7MB / 6.35MB
2026-06-10 16:24:21,docker-mysql-1,0.34%,111MiB / 11.67GiB,394MB / 1.04GB
2026-06-10 16:24:21,docker-minio-1,0.98%,1.249GiB / 11.67GiB,702MB / 1.44GB
2026-06-10 16:24:21,docker-es01-1,0.34%,1.024GiB / 8GiB,96.5MB / 727MB
2026-06-10 16:24:21,docker-nginx-1,0.00%,9.488MiB / 11.67GiB,983kB / 126B
2026-06-10 16:24:21,docker-plugin_daemon-1,0.00%,0B / 0B,0B / 0B
2026-06-10 16:24:21,docker-api-1,0.00%,0B / 0B,0B / 0B
2026-06-10 16:24:21,docker-worker-1,0.00%,267.5MiB / 11.67GiB,2.27kB / 554B
2026-06-10 16:24:21,docker-worker_beat-1,100.26%,267.5MiB / 11.67GiB,1.83kB / 424B
2026-06-10 16:24:21,docker-web-1,0.15%,126.2MiB / 11.67GiB,983kB / 126B
2026-06-10 16:24:21,docker-db_postgres-1,1.19%,15.96MiB / 11.67GiB,41.1MB / 458MB
2026-06-10 16:24:21,docker-sandbox-1,1.29%,61.37MiB / 11.67GiB,476kB / 1.45kB
2026-06-10 16:24:21,docker-weaviate-1,1.08%,127.2MiB / 11.67GiB,989kB / 2.41kB
2026-06-10 16:24:21,docker-ssrf_proxy-1,0.02%,13.08MiB / 11.67GiB,1.46MB / 1.89kB
2026-06-10 16:24:53,docker-ragflow-cpu-1,254.62%,5.807GiB / 11.67GiB,2.36GB / 819MB
2026-06-10 16:24:53,docker-redis-1,0.07%,6.598MiB / 11.67GiB,24.7MB / 6.38MB
2026-06-10 16:24:53,docker-mysql-1,0.81%,111MiB / 11.67GiB,395MB / 1.04GB
2026-06-10 16:24:53,docker-minio-1,0.06%,1.249GiB / 11.67GiB,702MB / 1.44GB
2026-06-10 16:24:53,docker-es01-1,15.71%,1.024GiB / 8GiB,97.3MB / 822MB
2026-06-10 16:24:53,docker-nginx-1,0.00%,9.488MiB / 11.67GiB,985kB / 126B
2026-06-10 16:24:53,docker-plugin_daemon-1,0.00%,0B / 0B,0B / 0B
2026-06-10 16:24:53,docker-api-1,0.00%,0B / 0B,0B / 0B
2026-06-10 16:24:53,docker-worker-1,0.00%,267.5MiB / 11.67GiB,1.91kB / 424B
2026-06-10 16:24:53,docker-worker_beat-1,0.00%,0B / 0B,0B / 0B
2026-06-10 16:24:53,docker-web-1,0.23%,126.1MiB / 11.67GiB,984kB / 126B
2026-06-10 16:24:53,docker-db_postgres-1,0.85%,15.96MiB / 11.67GiB,41.2MB / 459MB
2026-06-10 16:24:53,docker-sandbox-1,0.00%,61.38MiB / 11.67GiB,477kB / 1.45kB
2026-06-10 16:24:53,docker-weaviate-1,1.28%,127.2MiB / 11.67GiB,991kB / 2.41kB
2026-06-10 16:24:53,docker-ssrf_proxy-1,0.01%,13.08MiB / 11.67GiB,1.46MB / 1.89kB
2026-06-10 16:25:24,docker-ragflow-cpu-1,8.67%,5.808GiB / 11.67GiB,2.48GB / 821MB
2026-06-10 16:25:24,docker-redis-1,0.16%,6.602MiB / 11.67GiB,24.7MB / 6.4MB
2026-06-10 16:25:24,docker-mysql-1,1.34%,111.1MiB / 11.67GiB,395MB / 1.05GB
2026-06-10 16:25:24,docker-minio-1,0.09%,1.249GiB / 11.67GiB,702MB / 1.44GB
2026-06-10 16:25:24,docker-es01-1,0.32%,1.024GiB / 8GiB,98.3MB / 941MB
2026-06-10 16:25:24,docker-nginx-1,0.00%,9.488MiB / 11.67GiB,986kB / 126B
2026-06-10 16:25:24,docker-plugin_daemon-1,0.00%,0B / 0B,0B / 0B
2026-06-10 16:25:24,docker-api-1,0.00%,0B / 0B,0B / 0B
2026-06-10 16:25:24,docker-worker-1,0.00%,267.5MiB / 11.67GiB,2.02kB / 424B
2026-06-10 16:25:24,docker-worker_beat-1,0.00%,0B / 0B,0B / 0B
2026-06-10 16:25:24,docker-web-1,0.35%,126.2MiB / 11.67GiB,986kB / 126B
2026-06-10 16:25:24,docker-db_postgres-1,1.85%,15.95MiB / 11.67GiB,41.2MB / 459MB
2026-06-10 16:25:24,docker-sandbox-1,0.00%,61.3MiB / 11.67GiB,478kB / 1.45kB
2026-06-10 16:25:24,docker-weaviate-1,2.00%,127.3MiB / 11.67GiB,992kB / 2.41kB
2026-06-10 16:25:24,docker-ssrf_proxy-1,0.03%,13.08MiB / 11.67GiB,1.46MB / 1.89kB
2026-06-10 16:25:56,docker-ragflow-cpu-1,2.18%,5.808GiB / 11.67GiB,2.61GB / 824MB
2026-06-10 16:25:56,docker-redis-1,0.10%,6.602MiB / 11.67GiB,24.8MB / 6.43MB
2026-06-10 16:25:56,docker-mysql-1,0.23%,111.2MiB / 11.67GiB,396MB / 1.05GB
2026-06-10 16:25:56,docker-minio-1,0.07%,1.249GiB / 11.67GiB,702MB / 1.44GB
2026-06-10 16:25:56,docker-es01-1,0.17%,1.024GiB / 8GiB,99.4MB / 1.07GB
2026-06-10 16:25:56,docker-nginx-1,0.00%,9.488MiB / 11.67GiB,988kB / 126B
2026-06-10 16:25:56,docker-plugin_daemon-1,0.04%,12.68MiB / 11.67GiB,688kB / 58.8kB
2026-06-10 16:25:56,docker-api-1,100.51%,252.1MiB / 11.67GiB,1.82kB / 252B
2026-06-10 16:25:56,docker-web-1,0.16%,126.1MiB / 11.67GiB,987kB / 126B
2026-06-10 16:25:56,docker-db_postgres-1,0.87%,23.13MiB / 11.67GiB,41.3MB / 460MB
2026-06-10 16:25:56,docker-sandbox-1,0.00%,61.3MiB / 11.67GiB,479kB / 1.45kB
2026-06-10 16:25:56,docker-weaviate-1,1.21%,127.3MiB / 11.67GiB,994kB / 2.41kB
2026-06-10 16:25:56,docker-ssrf_proxy-1,0.01%,13.08MiB / 11.67GiB,1.47MB / 1.89kB
2026-06-10 16:25:56,docker-worker-1,161.22%,222.8MiB / 11.67GiB,1.48kB / 168B
2026-06-10 16:26:30,docker-ragflow-cpu-1,244.33%,5.835GiB / 11.67GiB,2.76GB / 827MB
2026-06-10 16:26:30,docker-redis-1,0.08%,6.602MiB / 11.67GiB,24.8MB / 6.46MB
2026-06-10 16:26:30,docker-mysql-1,0.33%,111.3MiB / 11.67GiB,397MB / 1.06GB
2026-06-10 16:26:30,docker-minio-1,0.62%,1.249GiB / 11.67GiB,702MB / 1.44GB
2026-06-10 16:26:30,docker-es01-1,4.97%,1.024GiB / 8GiB,101MB / 1.2GB
2026-06-10 16:26:30,docker-nginx-1,0.00%,9.488MiB / 11.67GiB,990kB / 126B
2026-06-10 16:26:30,docker-worker-1,50.36%,267.5MiB / 11.67GiB,2.37kB / 424B
2026-06-10 16:26:30,docker-worker_beat-1,0.00%,0B / 0B,0B / 0B
2026-06-10 16:26:30,docker-web-1,0.19%,126.2MiB / 11.67GiB,990kB / 126B
2026-06-10 16:26:30,docker-db_postgres-1,4.39%,23.12MiB / 11.67GiB,41.5MB / 463MB
2026-06-10 16:26:30,docker-sandbox-1,0.00%,61.32MiB / 11.67GiB,480kB / 1.45kB
2026-06-10 16:26:30,docker-weaviate-1,2.84%,127.3MiB / 11.67GiB,997kB / 2.41kB
2026-06-10 16:26:30,docker-ssrf_proxy-1,0.03%,13.08MiB / 11.67GiB,1.47MB / 1.89kB
2026-06-10 16:26:30,docker-plugin_daemon-1,0.04%,12.31MiB / 11.67GiB,689kB / 60kB
2026-06-10 16:26:30,docker-api-1,172.95%,212.7MiB / 11.67GiB,1.26kB / 168B
2026-06-10 16:27:05,docker-ragflow-cpu-1,97.49%,5.842GiB / 11.67GiB,2.9GB / 829MB
2026-06-10 16:27:05,docker-redis-1,0.18%,6.598MiB / 11.67GiB,24.8MB / 6.49MB
2026-06-10 16:27:05,docker-mysql-1,0.82%,111.4MiB / 11.67GiB,398MB / 1.06GB
2026-06-10 16:27:05,docker-minio-1,0.13%,1.249GiB / 11.67GiB,702MB / 1.44GB
2026-06-10 16:27:05,docker-es01-1,19.88%,1.025GiB / 8GiB,102MB / 1.34GB
2026-06-10 16:27:05,docker-nginx-1,0.00%,9.488MiB / 11.67GiB,992kB / 126B
2026-06-10 16:27:05,docker-plugin_daemon-1,0.00%,0B / 0B,0B / 0B
2026-06-10 16:27:05,docker-api-1,0.00%,0B / 0B,0B / 0B
2026-06-10 16:27:05,docker-worker-1,0.00%,267.5MiB / 11.67GiB,1.95kB / 424B
2026-06-10 16:27:05,docker-worker_beat-1,0.00%,0B / 0B,0B / 0B
2026-06-10 16:27:05,docker-web-1,0.30%,126.1MiB / 11.67GiB,992kB / 126B
2026-06-10 16:27:05,docker-db_postgres-1,1.40%,15.97MiB / 11.67GiB,41.7MB / 464MB
2026-06-10 16:27:05,docker-sandbox-1,0.00%,61.32MiB / 11.67GiB,481kB / 1.45kB
2026-06-10 16:27:05,docker-weaviate-1,2.13%,127.3MiB / 11.67GiB,999kB / 2.41kB
2026-06-10 16:27:05,docker-ssrf_proxy-1,0.01%,13.08MiB / 11.67GiB,1.47MB / 1.89kB
2026-06-10 16:27:38,docker-ragflow-cpu-1,6.15%,5.842GiB / 11.67GiB,3.03GB / 832MB
2026-06-10 16:27:38,docker-redis-1,0.21%,6.598MiB / 11.67GiB,24.9MB / 6.51MB
2026-06-10 16:27:38,docker-mysql-1,2.76%,111.5MiB / 11.67GiB,399MB / 1.07GB
2026-06-10 16:27:38,docker-minio-1,0.10%,1.249GiB / 11.67GiB,702MB / 1.44GB
2026-06-10 16:27:38,docker-es01-1,0.35%,1.025GiB / 8GiB,103MB / 1.46GB
2026-06-10 16:27:38,docker-nginx-1,0.00%,9.488MiB / 11.67GiB,994kB / 126B
2026-06-10 16:27:38,docker-plugin_daemon-1,0.00%,0B / 0B,0B / 0B
2026-06-10 16:27:38,docker-api-1,0.00%,0B / 0B,0B / 0B
2026-06-10 16:27:38,docker-worker-1,0.00%,267.5MiB / 11.67GiB,1.83kB / 424B
2026-06-10 16:27:38,docker-worker_beat-1,0.00%,0B / 0B,0B / 0B
2026-06-10 16:27:38,docker-web-1,0.53%,126.1MiB / 11.67GiB,994kB / 126B
2026-06-10 16:27:38,docker-db_postgres-1,1.88%,15.95MiB / 11.67GiB,41.7MB / 465MB
2026-06-10 16:27:38,docker-sandbox-1,0.00%,61.43MiB / 11.67GiB,482kB / 1.45kB
2026-06-10 16:27:38,docker-weaviate-1,1.72%,127.3MiB / 11.67GiB,1MB / 2.41kB
2026-06-10 16:27:38,docker-ssrf_proxy-1,0.04%,13.08MiB / 11.67GiB,1.48MB / 1.89kB
2026-06-10 16:28:10,docker-ragflow-cpu-1,3.34%,5.842GiB / 11.67GiB,3.14GB / 834MB
2026-06-10 16:28:10,docker-redis-1,0.16%,6.602MiB / 11.67GiB,24.9MB / 6.54MB
2026-06-10 16:28:10,docker-mysql-1,0.45%,111.5MiB / 11.67GiB,399MB / 1.07GB
2026-06-10 16:28:10,docker-minio-1,0.13%,1.249GiB / 11.67GiB,702MB / 1.44GB
2026-06-10 16:28:10,docker-es01-1,0.49%,1.025GiB / 8GiB,104MB / 1.57GB
2026-06-10 16:28:10,docker-nginx-1,0.00%,9.488MiB / 11.67GiB,995kB / 126B
2026-06-10 16:28:10,docker-plugin_daemon-1,0.00%,0B / 0B,0B / 0B
2026-06-10 16:28:10,docker-api-1,0.00%,0B / 0B,0B / 0B
2026-06-10 16:28:10,docker-worker_beat-1,0.00%,0B / 0B,0B / 0B
2026-06-10 16:28:10,docker-web-1,0.76%,126.1MiB / 11.67GiB,995kB / 126B
2026-06-10 16:28:10,docker-db_postgres-1,1.69%,16.07MiB / 11.67GiB,41.8MB / 466MB
2026-06-10 16:28:10,docker-sandbox-1,0.00%,61.38MiB / 11.67GiB,482kB / 1.45kB
2026-06-10 16:28:10,docker-weaviate-1,2.65%,127.3MiB / 11.67GiB,1MB / 2.41kB
2026-06-10 16:28:10,docker-ssrf_proxy-1,0.01%,13.08MiB / 11.67GiB,1.48MB / 1.89kB
2026-06-10 16:28:42,docker-ragflow-cpu-1,8.02%,5.842GiB / 11.67GiB,3.28GB / 836MB
2026-06-10 16:28:42,docker-redis-1,1.19%,6.602MiB / 11.67GiB,24.9MB / 6.56MB
2026-06-10 16:28:42,docker-mysql-1,0.58%,111.6MiB / 11.67GiB,400MB / 1.08GB
2026-06-10 16:28:42,docker-minio-1,0.94%,1.249GiB / 11.67GiB,702MB / 1.44GB
2026-06-10 16:28:42,docker-es01-1,0.34%,1.025GiB / 8GiB,105MB / 1.7GB
2026-06-10 16:28:42,docker-nginx-1,0.00%,9.488MiB / 11.67GiB,996kB / 126B
2026-06-10 16:28:42,docker-plugin_daemon-1,0.00%,0B / 0B,0B / 0B
2026-06-10 16:28:42,docker-api-1,0.00%,0B / 0B,0B / 0B
2026-06-10 16:28:42,docker-worker-1,0.00%,0B / 0B,0B / 0B
2026-06-10 16:28:42,docker-worker_beat-1,0.00%,0B / 0B,0B / 0B
2026-06-10 16:28:42,docker-web-1,0.44%,126.1MiB / 11.67GiB,996kB / 126B
2026-06-10 16:28:42,docker-db_postgres-1,1.34%,15.95MiB / 11.67GiB,41.9MB / 466MB
2026-06-10 16:28:42,docker-sandbox-1,0.00%,61.39MiB / 11.67GiB,483kB / 1.45kB
2026-06-10 16:28:42,docker-weaviate-1,2.13%,127.3MiB / 11.67GiB,1MB / 2.41kB
2026-06-10 16:28:42,docker-ssrf_proxy-1,0.03%,13.33MiB / 11.67GiB,1.48MB / 1.89kB
2026-06-10 16:29:14,docker-ragflow-cpu-1,10.32%,5.874GiB / 11.67GiB,3.39GB / 839MB
2026-06-10 16:29:14,docker-redis-1,0.22%,6.602MiB / 11.67GiB,25MB / 6.59MB
2026-06-10 16:29:14,docker-mysql-1,1.41%,111.7MiB / 11.67GiB,401MB / 1.08GB
2026-06-10 16:29:14,docker-minio-1,0.14%,1.249GiB / 11.67GiB,702MB / 1.44GB
2026-06-10 16:29:14,docker-es01-1,0.37%,1.025GiB / 8GiB,106MB / 1.81GB
2026-06-10 16:29:14,docker-nginx-1,0.00%,9.488MiB / 11.67GiB,996kB / 126B
2026-06-10 16:29:14,docker-plugin_daemon-1,0.00%,0B / 0B,0B / 0B
2026-06-10 16:29:14,docker-api-1,0.00%,0B / 0B,0B / 0B
2026-06-10 16:29:14,docker-worker-1,0.00%,0B / 0B,0B / 0B
2026-06-10 16:29:14,docker-worker_beat-1,0.00%,0B / 0B,0B / 0B
2026-06-10 16:29:14,docker-web-1,0.96%,126.5MiB / 11.67GiB,996kB / 126B
2026-06-10 16:29:14,docker-db_postgres-1,1.38%,15.99MiB / 11.67GiB,41.9MB / 466MB
2026-06-10 16:29:14,docker-sandbox-1,0.00%,61.39MiB / 11.67GiB,483kB / 1.45kB
2026-06-10 16:29:14,docker-weaviate-1,1.95%,127.3MiB / 11.67GiB,1MB / 2.41kB
2026-06-10 16:29:14,docker-ssrf_proxy-1,0.07%,13.08MiB / 11.67GiB,1.48MB / 1.89kB
2026-06-10 16:29:45,docker-ragflow-cpu-1,7.08%,5.933GiB / 11.67GiB,3.51GB / 841MB
2026-06-10 16:29:45,docker-redis-1,0.19%,6.598MiB / 11.67GiB,25MB / 6.62MB
2026-06-10 16:29:45,docker-mysql-1,0.49%,111.8MiB / 11.67GiB,402MB / 1.09GB
2026-06-10 16:29:45,docker-minio-1,7.05%,1.25GiB / 11.67GiB,702MB / 1.44GB
2026-06-10 16:29:45,docker-es01-1,0.35%,1.025GiB / 8GiB,107MB / 1.92GB
2026-06-10 16:29:45,docker-nginx-1,0.00%,9.488MiB / 11.67GiB,997kB / 126B
2026-06-10 16:29:45,docker-api-1,0.04%,267.5MiB / 11.67GiB,2.22kB / 596B
2026-06-10 16:29:45,docker-worker-1,0.00%,0B / 0B,0B / 0B
2026-06-10 16:29:45,docker-worker_beat-1,0.00%,0B / 0B,0B / 0B
2026-06-10 16:29:45,docker-web-1,0.57%,126.2MiB / 11.67GiB,997kB / 126B
2026-06-10 16:29:45,docker-db_postgres-1,1.11%,15.96MiB / 11.67GiB,41.9MB / 467MB
2026-06-10 16:29:45,docker-sandbox-1,0.00%,61.5MiB / 11.67GiB,483kB / 1.45kB
2026-06-10 16:29:45,docker-weaviate-1,1.79%,127.3MiB / 11.67GiB,1MB / 2.41kB
2026-06-10 16:29:45,docker-ssrf_proxy-1,0.02%,13.08MiB / 11.67GiB,1.48MB / 1.89kB
2026-06-10 16:30:20,docker-ragflow-cpu-1,538.56%,5.933GiB / 11.67GiB,3.57GB / 843MB
2026-06-10 16:30:20,docker-redis-1,0.11%,6.598MiB / 11.67GiB,25MB / 6.64MB
2026-06-10 16:30:20,docker-mysql-1,0.43%,111.9MiB / 11.67GiB,403MB / 1.09GB
2026-06-10 16:30:20,docker-minio-1,0.10%,1.249GiB / 11.67GiB,702MB / 1.44GB
2026-06-10 16:30:20,docker-es01-1,6.86%,1.025GiB / 8GiB,107MB / 1.98GB
2026-06-10 16:30:20,docker-nginx-1,0.00%,9.488MiB / 11.67GiB,998kB / 126B
2026-06-10 16:30:20,docker-plugin_daemon-1,0.00%,0B / 0B,0B / 0B
2026-06-10 16:30:20,docker-api-1,24.56%,267.5MiB / 11.67GiB,1.83kB / 424B
2026-06-10 16:30:20,docker-worker-1,0.00%,0B / 0B,0B / 0B
2026-06-10 16:30:20,docker-worker_beat-1,0.00%,0B / 0B,0B / 0B
2026-06-10 16:30:20,docker-web-1,0.46%,126.3MiB / 11.67GiB,998kB / 126B
2026-06-10 16:30:20,docker-db_postgres-1,1.67%,15.96MiB / 11.67GiB,41.9MB / 467MB
2026-06-10 16:30:20,docker-sandbox-1,0.00%,61.34MiB / 11.67GiB,484kB / 1.45kB
2026-06-10 16:30:20,docker-weaviate-1,1.87%,127.3MiB / 11.67GiB,1MB / 2.41kB
2026-06-10 16:30:20,docker-ssrf_proxy-1,0.02%,13.08MiB / 11.67GiB,1.48MB / 1.89kB
2026-06-10 16:30:52,docker-ragflow-cpu-1,7.57%,5.933GiB / 11.67GiB,3.71GB / 845MB
2026-06-10 16:30:52,docker-redis-1,1.30%,6.621MiB / 11.67GiB,25.1MB / 6.67MB
2026-06-10 16:30:52,docker-mysql-1,0.69%,112MiB / 11.67GiB,403MB / 1.1GB
2026-06-10 16:30:52,docker-minio-1,1.18%,1.249GiB / 11.67GiB,702MB / 1.44GB
2026-06-10 16:30:52,docker-es01-1,0.35%,1.025GiB / 8GiB,108MB / 2.11GB
2026-06-10 16:30:52,docker-nginx-1,0.00%,9.488MiB / 11.67GiB,999kB / 126B
2026-06-10 16:30:52,docker-api-1,12.09%,268MiB / 11.67GiB,2.46kB / 684B
2026-06-10 16:30:52,docker-worker-1,0.00%,0B / 0B,0B / 0B
2026-06-10 16:30:52,docker-worker_beat-1,0.00%,267.5MiB / 11.67GiB,2.33kB / 684B
2026-06-10 16:30:52,docker-web-1,0.33%,126.2MiB / 11.67GiB,999kB / 126B
2026-06-10 16:30:52,docker-db_postgres-1,1.77%,15.95MiB / 11.67GiB,42MB / 468MB
2026-06-10 16:30:52,docker-sandbox-1,0.00%,61.35MiB / 11.67GiB,484kB / 1.45kB
2026-06-10 16:30:52,docker-weaviate-1,2.03%,127.3MiB / 11.67GiB,1.01MB / 2.41kB
2026-06-10 16:30:52,docker-ssrf_proxy-1,0.02%,13.08MiB / 11.67GiB,1.48MB / 1.89kB
2026-06-10 16:31:25,docker-ragflow-cpu-1,4.66%,5.934GiB / 11.67GiB,3.81GB / 847MB
2026-06-10 16:31:25,docker-redis-1,0.09%,6.605MiB / 11.67GiB,25.1MB / 6.7MB
2026-06-10 16:31:25,docker-mysql-1,0.51%,112.1MiB / 11.67GiB,404MB / 1.1GB
2026-06-10 16:31:25,docker-minio-1,0.07%,1.249GiB / 11.67GiB,702MB / 1.44GB
2026-06-10 16:31:25,docker-es01-1,0.17%,1.025GiB / 8GiB,109MB / 2.21GB
2026-06-10 16:31:25,docker-nginx-1,0.00%,9.488MiB / 11.67GiB,1MB / 126B
2026-06-10 16:31:25,docker-plugin_daemon-1,0.00%,0B / 0B,0B / 0B
2026-06-10 16:31:25,docker-worker-1,0.00%,0B / 0B,0B / 0B
2026-06-10 16:31:25,docker-web-1,0.21%,126.2MiB / 11.67GiB,1MB / 126B
2026-06-10 16:31:25,docker-db_postgres-1,1.58%,15.95MiB / 11.67GiB,42MB / 468MB
2026-06-10 16:31:25,docker-sandbox-1,0.00%,61.32MiB / 11.67GiB,485kB / 1.45kB
2026-06-10 16:31:25,docker-weaviate-1,1.15%,127.3MiB / 11.67GiB,1.01MB / 2.41kB
2026-06-10 16:31:25,docker-ssrf_proxy-1,0.01%,13.08MiB / 11.67GiB,1.48MB / 1.89kB
2026-06-10 16:31:25,docker-worker_beat-1,101.40%,105.3MiB / 11.67GiB,780B / 168B
2026-06-10 16:31:25,docker-api-1,179.75%,163.2MiB / 11.67GiB,1.22kB / 168B
2026-06-10 16:31:59,docker-ragflow-cpu-1,399.81%,5.934GiB / 11.67GiB,3.93GB / 849MB
2026-06-10 16:31:59,docker-redis-1,0.13%,6.602MiB / 11.67GiB,25.1MB / 6.72MB
2026-06-10 16:31:59,docker-mysql-1,2.23%,112.1MiB / 11.67GiB,405MB / 1.11GB
2026-06-10 16:31:59,docker-minio-1,2.79%,1.249GiB / 11.67GiB,702MB / 1.44GB
2026-06-10 16:31:59,docker-es01-1,11.22%,1.025GiB / 8GiB,110MB / 2.32GB
2026-06-10 16:31:59,docker-nginx-1,0.00%,9.488MiB / 11.67GiB,1MB / 126B
2026-06-10 16:31:59,docker-api-1,0.00%,267.5MiB / 11.67GiB,2.33kB / 424B
2026-06-10 16:31:59,docker-worker-1,0.00%,0B / 0B,0B / 0B
2026-06-10 16:31:59,docker-worker_beat-1,0.00%,267.5MiB / 11.67GiB,2.08kB / 554B
2026-06-10 16:31:59,docker-web-1,0.60%,126.7MiB / 11.67GiB,1MB / 126B
2026-06-10 16:31:59,docker-db_postgres-1,1.92%,15.95MiB / 11.67GiB,42MB / 468MB
2026-06-10 16:31:59,docker-sandbox-1,0.00%,61.32MiB / 11.67GiB,486kB / 1.45kB
2026-06-10 16:31:59,docker-weaviate-1,2.89%,127.3MiB / 11.67GiB,1.01MB / 2.41kB
2026-06-10 16:31:59,docker-ssrf_proxy-1,0.02%,13.08MiB / 11.67GiB,1.49MB / 1.89kB
2026-06-10 16:32:32,docker-ragflow-cpu-1,96.82%,5.934GiB / 11.67GiB,4.04GB / 852MB
2026-06-10 16:32:32,docker-redis-1,0.23%,6.602MiB / 11.67GiB,25.2MB / 6.75MB
2026-06-10 16:32:32,docker-mysql-1,0.23%,112.2MiB / 11.67GiB,406MB / 1.11GB
2026-06-10 16:32:32,docker-minio-1,0.26%,1.249GiB / 11.67GiB,702MB / 1.44GB
2026-06-10 16:32:32,docker-es01-1,7.06%,1.025GiB / 8GiB,111MB / 2.43GB
2026-06-10 16:32:32,docker-nginx-1,0.00%,9.488MiB / 11.67GiB,1MB / 126B
2026-06-10 16:32:32,docker-plugin_daemon-1,0.00%,0B / 0B,0B / 0B
2026-06-10 16:32:32,docker-api-1,0.00%,267.5MiB / 11.67GiB,2.12kB / 424B
2026-06-10 16:32:32,docker-worker-1,0.00%,0B / 0B,0B / 0B
2026-06-10 16:32:32,docker-worker_beat-1,0.00%,267.5MiB / 11.67GiB,2.18kB / 424B
2026-06-10 16:32:32,docker-web-1,0.56%,126.3MiB / 11.67GiB,1MB / 126B
2026-06-10 16:32:32,docker-db_postgres-1,0.96%,17.19MiB / 11.67GiB,42MB / 468MB
2026-06-10 16:32:32,docker-sandbox-1,0.00%,61.36MiB / 11.67GiB,487kB / 1.45kB
2026-06-10 16:32:32,docker-weaviate-1,2.39%,127.3MiB / 11.67GiB,1.01MB / 2.41kB
2026-06-10 16:32:32,docker-ssrf_proxy-1,0.03%,13.08MiB / 11.67GiB,1.49MB / 1.89kB
